{"cameraMode":{"drawMode":0,"name":"Shaded","section":"Shading Mode"},"sceneLighting":false,"audioPlay":false,"sceneViewState":{"m_AlwaysRefresh":false,"showFog":true,"showSkybox":false,"showFlares":true,"showImageEffects":true,"showParticleSystems":true,"showVisualEffectGraphs":true,"m_FxEnabled":false},"in2DMode":false,"pivot":{"x":-2.7058541774749758,"y":0.9236822128295898,"z":0.14210407435894013},"rotation":{"x":0.01483829040080309,"y":-0.6858705878257752,"z":0.013993995264172554,"w":0.7274307608604431},"size":2.3086087703704836,"orthographic":false}