{"cameraMode":{"drawMode":0,"name":"Shaded","section":"Shading Mode"},"sceneLighting":false,"audioPlay":false,"sceneViewState":{"m_AlwaysRefresh":false,"showFog":true,"showSkybox":false,"showFlares":true,"showImageEffects":true,"showParticleSystems":true,"showVisualEffectGraphs":true,"m_FxEnabled":true},"in2DMode":false,"pivot":{"x":0.24792003631591798,"y":-0.6536552906036377,"z":-0.9863133430480957},"rotation":{"x":0.04845019802451134,"y":-0.8552607893943787,"z":0.08133108168840409,"w":0.5095224976539612},"size":2.902923583984375,"orthographic":false}