{"cameraMode":{"drawMode":0,"name":"Shaded","section":"Shading Mode"},"sceneLighting":false,"audioPlay":false,"sceneViewState":{"m_AlwaysRefresh":false,"showFog":true,"showSkybox":false,"showFlares":true,"showImageEffects":true,"showParticleSystems":true,"showVisualEffectGraphs":true,"m_FxEnabled":true},"in2DMode":false,"pivot":{"x":0.0973019003868103,"y":0.20655319094657899,"z":-0.13231730461120606},"rotation":{"x":0.025799714028835298,"y":-0.9555590748786926,"z":0.08797575533390045,"w":0.2802572250366211},"size":0.8660253882408142,"orthographic":false}