{"cameraMode":{"drawMode":0,"name":"Shaded","section":"Shading Mode"},"sceneLighting":true,"audioPlay":false,"sceneViewState":{"m_AlwaysRefresh":false,"showFog":true,"showSkybox":true,"showFlares":true,"showImageEffects":true,"showParticleSystems":true,"showVisualEffectGraphs":true,"m_FxEnabled":true},"in2DMode":false,"pivot":{"x":-0.7024745941162109,"y":1.8139073848724366,"z":0.33722448348999026},"rotation":{"x":-0.19033993780612946,"y":-0.1844283640384674,"z":0.03633381798863411,"w":-0.9636103510856628},"size":2.0436344146728517,"orthographic":false}