{"cameraMode":{"drawMode":0,"name":"Shaded","section":"Shading Mode"},"sceneLighting":false,"audioPlay":false,"sceneViewState":{"m_AlwaysRefresh":false,"showFog":true,"showSkybox":false,"showFlares":true,"showImageEffects":true,"showParticleSystems":true,"showVisualEffectGraphs":true,"m_FxEnabled":true},"in2DMode":false,"pivot":{"x":11.017550468444825,"y":0.5983074903488159,"z":0.27369412779808047},"rotation":{"x":0.06692174822092056,"y":-0.7018347978591919,"z":0.06652289628982544,"w":0.7060592174530029},"size":10.59825325012207,"orthographic":false}